{	"SampleFileName": "fitbit_26092020_131534.csv",
	"LengthOfDateStampInFile": 8,
	"LengthOfTimeStampInFile": 6,
	"NumberofColumns" : 15,
	"ColName": {"Id": "int64",
     "ActivityDate": "str",
     "TotalSteps": "int64",
     "TotalDistance": "float64",
     "TrackerDistance": "float64",
     "LoggedActivitiesDistance": "float64",
     "VeryActiveDistance": "float64",
     "ModeratelyActiveDistance": "float64",
     "LightActiveDistance": "float64",
     "SedentaryActiveDistance": "float64",
     "VeryActiveMinutes": "int64",
     "FairlyActiveMinutes": "int64",
     "LightlyActiveMinutes": "int64",
     "SedentaryMinutes": "int64",
     "Calories": "int64"
    }
		
}
 